@odata.etag,_owningbusinessunit_value,tsc_penalitesid,statecode,statuscode,tsc_typedepenalite,_createdby_value,_ownerid_value,modifiedon,_tsc_opportunity_value,tsc_montant,_owninguser_value,_modifiedby_value,versionnumber,createdon,tsc_commentaire,_tsc_seao_value,tsc_applicable,overriddencreatedon,importsequencenumber,_modifiedonbehalfby_value,utcconversiontimezonecode,_createdonbehalfby_value,_owningteam_value,tsc_raison,timezoneruleversionnumber
"W/""9102595""",8b8ec1ac-037b-ee11-8179-0022483cac0d,aca7172b-ecd0-ee11-904c-0022483ccc3f,0,1,933640002,86065779-fa7c-ee11-8179-0022483d07d3,86065779-fa7c-ee11-8179-0022483d07d3,2024-02-21T19:05:32Z,9473dcda-2283-ee11-8179-0022483d0cb3,34543,86065779-fa7c-ee11-8179-0022483d07d3,86065779-fa7c-ee11-8179-0022483d07d3,9102595,2024-02-21T19:05:29Z,,,,,,,,,,,
"W/""9102648""",8b8ec1ac-037b-ee11-8179-0022483cac0d,79cb5793-dad0-ee11-904d-002248b0a52f,1,2,933640003,86065779-fa7c-ee11-8179-0022483d07d3,86065779-fa7c-ee11-8179-0022483d07d3,2024-02-21T19:07:43Z,9473dcda-2283-ee11-8179-0022483d0cb3,234,86065779-fa7c-ee11-8179-0022483d07d3,86065779-fa7c-ee11-8179-0022483d07d3,9102648,2024-02-21T16:59:38Z,,,731720000,,,,,,,,
"W/""9101511""",8b8ec1ac-037b-ee11-8179-0022483cac0d,0a7bc51b-21d0-ee11-904d-002248b0a52f,0,1,933640003,86065779-fa7c-ee11-8179-0022483d07d3,86065779-fa7c-ee11-8179-0022483d07d3,2024-02-21T16:33:18Z,988e3315-df7f-ee11-8179-0022483cb689,5000,86065779-fa7c-ee11-8179-0022483d07d3,86065779-fa7c-ee11-8179-0022483d07d3,9101511,2024-02-20T18:52:01Z,Commentaire de la pénalité,,731720002,,,,,,,,
"W/""9074669""",8b8ec1ac-037b-ee11-8179-0022483cac0d,da062bde-08d0-ee11-904c-0022483ccc3f,0,1,933640009,86065779-fa7c-ee11-8179-0022483d07d3,86065779-fa7c-ee11-8179-0022483d07d3,2024-02-20T15:58:28Z,b744a636-6282-ee11-8179-0022483d07d3,564,86065779-fa7c-ee11-8179-0022483d07d3,86065779-fa7c-ee11-8179-0022483d07d3,9074669,2024-02-20T15:58:26Z,fgh,,731720001,,,,,,,,
"W/""9070738""",8b8ec1ac-037b-ee11-8179-0022483cac0d,b4d80598-98cf-ee11-904d-002248b0a52f,0,1,933640002,86065779-fa7c-ee11-8179-0022483d07d3,86065779-fa7c-ee11-8179-0022483d07d3,2024-02-20T02:34:41Z,80a2ac1d-df7f-ee11-8179-0022483e130e,2345,86065779-fa7c-ee11-8179-0022483d07d3,86065779-fa7c-ee11-8179-0022483d07d3,9070738,2024-02-20T02:34:40Z,Dernier test de la soirée,,,,,,,,,,
"W/""9070573""",8b8ec1ac-037b-ee11-8179-0022483cac0d,d8d75eac-97cf-ee11-904d-002248b0a52f,1,2,933640003,86065779-fa7c-ee11-8179-0022483d07d3,86065779-fa7c-ee11-8179-0022483d07d3,2024-02-20T02:29:20Z,80a2ac1d-df7f-ee11-8179-0022483e130e,234,86065779-fa7c-ee11-8179-0022483d07d3,86065779-fa7c-ee11-8179-0022483d07d3,9070573,2024-02-20T02:28:09Z,,,731720000,,,,,,,,
"W/""9052617""",8b8ec1ac-037b-ee11-8179-0022483cac0d,0643d5ad-0ecd-ee11-9078-0022483ccc3f,0,1,933640011,86065779-fa7c-ee11-8179-0022483d07d3,86065779-fa7c-ee11-8179-0022483d07d3,2024-02-16T21:02:35Z,42235323-df7f-ee11-8179-0022483d0cb3,12000,86065779-fa7c-ee11-8179-0022483d07d3,86065779-fa7c-ee11-8179-0022483d07d3,9052617,2024-02-16T21:02:31Z,Trois mois après le début du mandat.,,731720000,,,,,,,,
"W/""9029207""",8b8ec1ac-037b-ee11-8179-0022483cac0d,91f34399-26cc-ee11-9079-6045bd5c53bd,0,1,933640004,86065779-fa7c-ee11-8179-0022483d07d3,86065779-fa7c-ee11-8179-0022483d07d3,2024-02-15T17:21:14Z,a412f260-cd83-ee11-8179-0022483d0cb3,1234,86065779-fa7c-ee11-8179-0022483d07d3,86065779-fa7c-ee11-8179-0022483d07d3,9029207,2024-02-15T17:21:14Z,,,731720001,,,,,,,,
"W/""9029129""",8b8ec1ac-037b-ee11-8179-0022483cac0d,f7546360-26cc-ee11-9079-6045bd5c53bd,0,1,731720004,86065779-fa7c-ee11-8179-0022483d07d3,86065779-fa7c-ee11-8179-0022483d07d3,2024-02-15T17:19:35Z,a412f260-cd83-ee11-8179-0022483d0cb3,5000,86065779-fa7c-ee11-8179-0022483d07d3,86065779-fa7c-ee11-8179-0022483d07d3,9029129,2024-02-15T17:19:33Z,,,731720002,,,,,,,,
"W/""9026591""",8b8ec1ac-037b-ee11-8179-0022483cac0d,7c6fc94c-7ecb-ee11-9079-002248b0a52f,0,1,933640004,86065779-fa7c-ee11-8179-0022483d07d3,86065779-fa7c-ee11-8179-0022483d07d3,2024-02-14T21:16:31Z,a412f260-cd83-ee11-8179-0022483d0cb3,1200,86065779-fa7c-ee11-8179-0022483d07d3,86065779-fa7c-ee11-8179-0022483d07d3,9026591,2024-02-14T21:16:28Z,Sans commentaire,,731720002,,,,,,,,
"W/""7965346""",8b8ec1ac-037b-ee11-8179-0022483cac0d,030e30f0-66b9-ee11-9079-0022483ccc3f,0,1,933640004,94065779-fa7c-ee11-8179-0022483d07d3,94065779-fa7c-ee11-8179-0022483d07d3,2024-01-22T20:43:57Z,abbebee3-2fb9-ee11-9078-002248b0a52f,3454,94065779-fa7c-ee11-8179-0022483d07d3,94065779-fa7c-ee11-8179-0022483d07d3,7965346,2024-01-22T20:43:56Z,,,731720000,,,,,,,,
"W/""7825467""",8b8ec1ac-037b-ee11-8179-0022483cac0d,0c6007d2-35b6-ee11-a568-002248b0a52f,0,1,731720000,7d95c1ac-037b-ee11-8179-0022483cac0d,7d95c1ac-037b-ee11-8179-0022483cac0d,2024-01-18T19:14:38Z,3860ebcb-35b6-ee11-a568-002248b0a52f,1500,7d95c1ac-037b-ee11-8179-0022483cac0d,7d95c1ac-037b-ee11-8179-0022483cac0d,7825467,2024-01-18T19:14:38Z,,,731720000,,,,,,,,
"W/""7825461""",8b8ec1ac-037b-ee11-8179-0022483cac0d,0b6007d2-35b6-ee11-a568-002248b0a52f,0,1,933640006,7d95c1ac-037b-ee11-8179-0022483cac0d,7d95c1ac-037b-ee11-8179-0022483cac0d,2024-01-18T19:14:37Z,3860ebcb-35b6-ee11-a568-002248b0a52f,2500,7d95c1ac-037b-ee11-8179-0022483cac0d,7d95c1ac-037b-ee11-8179-0022483cac0d,7825461,2024-01-18T19:14:37Z,,,731720000,,,,,,,,
"W/""7825420""",8b8ec1ac-037b-ee11-8179-0022483cac0d,3560ebcb-35b6-ee11-a568-002248b0a52f,0,1,731720000,7d95c1ac-037b-ee11-8179-0022483cac0d,7d95c1ac-037b-ee11-8179-0022483cac0d,2024-01-18T19:14:32Z,1916c4cb-35b6-ee11-a569-0022483ccc3f,1500,7d95c1ac-037b-ee11-8179-0022483cac0d,7d95c1ac-037b-ee11-8179-0022483cac0d,7825420,2024-01-18T19:14:32Z,,,731720000,,,,,,,,
"W/""7825419""",8b8ec1ac-037b-ee11-8179-0022483cac0d,4616c4cb-35b6-ee11-a569-0022483ccc3f,0,1,933640006,7d95c1ac-037b-ee11-8179-0022483cac0d,7d95c1ac-037b-ee11-8179-0022483cac0d,2024-01-18T19:14:31Z,1916c4cb-35b6-ee11-a569-0022483ccc3f,2500,7d95c1ac-037b-ee11-8179-0022483cac0d,7d95c1ac-037b-ee11-8179-0022483cac0d,7825419,2024-01-18T19:14:31Z,,,731720000,,,,,,,,
"W/""7825382""",8b8ec1ac-037b-ee11-8179-0022483cac0d,331fbbc5-35b6-ee11-a569-0022483ccc3f,0,1,933640006,7d95c1ac-037b-ee11-8179-0022483cac0d,7d95c1ac-037b-ee11-8179-0022483cac0d,2024-01-18T19:14:26Z,fd1ebbc5-35b6-ee11-a569-0022483ccc3f,2500,7d95c1ac-037b-ee11-8179-0022483cac0d,7d95c1ac-037b-ee11-8179-0022483cac0d,7825382,2024-01-18T19:14:26Z,,,731720000,,,,,,,,
"W/""7825383""",8b8ec1ac-037b-ee11-8179-0022483cac0d,efc4d1c5-35b6-ee11-a568-002248b0a52f,0,1,731720000,7d95c1ac-037b-ee11-8179-0022483cac0d,7d95c1ac-037b-ee11-8179-0022483cac0d,2024-01-18T19:14:26Z,fd1ebbc5-35b6-ee11-a569-0022483ccc3f,1500,7d95c1ac-037b-ee11-8179-0022483cac0d,7d95c1ac-037b-ee11-8179-0022483cac0d,7825383,2024-01-18T19:14:26Z,,,731720000,,,,,,,,
"W/""7825326""",8b8ec1ac-037b-ee11-8179-0022483cac0d,40d69db3-35b6-ee11-a569-0022483ccc3f,0,1,731720000,94065779-fa7c-ee11-8179-0022483d07d3,94065779-fa7c-ee11-8179-0022483d07d3,2024-01-18T19:13:56Z,,1500,94065779-fa7c-ee11-8179-0022483d07d3,94065779-fa7c-ee11-8179-0022483d07d3,7825326,2024-01-18T19:13:56Z,,58e68200-35b6-ee11-a569-0022483ccc3f,731720000,,,,,,,,
"W/""7825319""",8b8ec1ac-037b-ee11-8179-0022483cac0d,a78ea5ad-35b6-ee11-a569-0022483ccc3f,0,1,933640006,94065779-fa7c-ee11-8179-0022483d07d3,94065779-fa7c-ee11-8179-0022483d07d3,2024-01-18T19:13:38Z,,2500,94065779-fa7c-ee11-8179-0022483d07d3,94065779-fa7c-ee11-8179-0022483d07d3,7825319,2024-01-18T19:13:37Z,,58e68200-35b6-ee11-a569-0022483ccc3f,731720000,,,,,,,,
"W/""6607407""",8b8ec1ac-037b-ee11-8179-0022483cac0d,2420ba6b-4f8a-ee11-8179-0022483d0cb3,0,1,933640003,7d95c1ac-037b-ee11-8179-0022483cac0d,7d95c1ac-037b-ee11-8179-0022483cac0d,2023-11-23T22:27:10Z,ed1fba6b-4f8a-ee11-8179-0022483d0cb3,5000,7d95c1ac-037b-ee11-8179-0022483cac0d,7d95c1ac-037b-ee11-8179-0022483cac0d,6607407,2023-11-23T22:27:10Z,,,731720002,,,,,,,,
"W/""6607354""",8b8ec1ac-037b-ee11-8179-0022483cac0d,f4e5c45e-4f8a-ee11-8179-0022483d07d3,0,1,933640003,86065779-fa7c-ee11-8179-0022483d07d3,86065779-fa7c-ee11-8179-0022483d07d3,2023-11-23T22:26:43Z,,5000,86065779-fa7c-ee11-8179-0022483d07d3,86065779-fa7c-ee11-8179-0022483d07d3,6607354,2023-11-23T22:26:41Z,,c0ee0150-4f8a-ee11-8179-0022483d07d3,731720002,,,,,,,,
"W/""6060684""",8b8ec1ac-037b-ee11-8179-0022483cac0d,1bd387ee-ac84-ee11-8179-0022483d07d3,0,1,933640001,94065779-fa7c-ee11-8179-0022483d07d3,94065779-fa7c-ee11-8179-0022483d07d3,2023-11-16T18:21:17Z,a9eff51d-3882-ee11-8179-0022483cb946,5000,94065779-fa7c-ee11-8179-0022483d07d3,94065779-fa7c-ee11-8179-0022483d07d3,6060684,2023-11-16T18:21:17Z,,,,,,,,,,,
"W/""6593444""",8b8ec1ac-037b-ee11-8179-0022483cac0d,cfc38ed6-ac84-ee11-8179-0022483d07d3,0,1,731720001,94065779-fa7c-ee11-8179-0022483d07d3,94065779-fa7c-ee11-8179-0022483d07d3,2023-11-21T15:24:09Z,a9eff51d-3882-ee11-8179-0022483cb946,,94065779-fa7c-ee11-8179-0022483d07d3,94065779-fa7c-ee11-8179-0022483d07d3,6593444,2023-11-16T18:20:44Z,ceci est une note pour le tableau,,,,,,,,,,
"W/""5955691""",8b8ec1ac-037b-ee11-8179-0022483cac0d,a8000964-cd83-ee11-8179-0022483d07d3,0,1,731720002,7d95c1ac-037b-ee11-8179-0022483cac0d,7d95c1ac-037b-ee11-8179-0022483cac0d,2023-11-15T15:41:16Z,77000964-cd83-ee11-8179-0022483d07d3,5000,7d95c1ac-037b-ee11-8179-0022483cac0d,7d95c1ac-037b-ee11-8179-0022483cac0d,5955691,2023-11-15T15:41:16Z,,,731720002,,,,,,,,
"W/""5955650""",8b8ec1ac-037b-ee11-8179-0022483cac0d,66000964-cd83-ee11-8179-0022483d07d3,0,1,731720002,7d95c1ac-037b-ee11-8179-0022483cac0d,7d95c1ac-037b-ee11-8179-0022483cac0d,2023-11-15T15:41:12Z,eb12f260-cd83-ee11-8179-0022483d0cb3,5000,7d95c1ac-037b-ee11-8179-0022483cac0d,7d95c1ac-037b-ee11-8179-0022483cac0d,5955650,2023-11-15T15:41:12Z,,,731720002,,,,,,,,
"W/""5955610""",8b8ec1ac-037b-ee11-8179-0022483cac0d,49000964-cd83-ee11-8179-0022483d07d3,0,1,731720002,7d95c1ac-037b-ee11-8179-0022483cac0d,7d95c1ac-037b-ee11-8179-0022483cac0d,2023-11-15T15:41:08Z,a412f260-cd83-ee11-8179-0022483d0cb3,5000,7d95c1ac-037b-ee11-8179-0022483cac0d,7d95c1ac-037b-ee11-8179-0022483cac0d,5955610,2023-11-15T15:41:08Z,,,731720002,,,,,,,,
"W/""5955554""",8b8ec1ac-037b-ee11-8179-0022483cac0d,d53d0e46-cd83-ee11-8179-0022483d07d3,0,1,731720002,86065779-fa7c-ee11-8179-0022483d07d3,86065779-fa7c-ee11-8179-0022483d07d3,2023-11-15T15:40:21Z,,5000,86065779-fa7c-ee11-8179-0022483d07d3,86065779-fa7c-ee11-8179-0022483d07d3,5955554,2023-11-15T15:40:21Z,Le client est très stricte sur ce point.,25af6c02-cd83-ee11-8179-0022483d07d3,731720002,,,,,,,,
"W/""5840081""",8b8ec1ac-037b-ee11-8179-0022483cac0d,039a1fbe-2283-ee11-8179-6045bd5d055b,0,1,933640001,86065779-fa7c-ee11-8179-0022483d07d3,86065779-fa7c-ee11-8179-0022483d07d3,2023-11-14T19:19:36Z,,3456,86065779-fa7c-ee11-8179-0022483d07d3,86065779-fa7c-ee11-8179-0022483d07d3,5840081,2023-11-14T19:19:35Z,Test commentaire,020a43b1-2283-ee11-8179-6045bd5d055b,731720000,,,,,,,,
"W/""5840071""",8b8ec1ac-037b-ee11-8179-0022483cac0d,d8f9a8b7-2283-ee11-8179-6045bd5d055b,0,1,731720004,86065779-fa7c-ee11-8179-0022483d07d3,86065779-fa7c-ee11-8179-0022483d07d3,2023-11-14T19:19:28Z,,1234,86065779-fa7c-ee11-8179-0022483d07d3,86065779-fa7c-ee11-8179-0022483d07d3,5840071,2023-11-14T19:19:24Z,,020a43b1-2283-ee11-8179-6045bd5d055b,,,,,,,,,
"W/""5690376""",8b8ec1ac-037b-ee11-8179-0022483cac0d,2e3e7882-f282-ee11-8179-0022483d07d3,0,1,731720005,86065779-fa7c-ee11-8179-0022483d07d3,86065779-fa7c-ee11-8179-0022483d07d3,2023-11-14T15:02:58Z,,34543,86065779-fa7c-ee11-8179-0022483d07d3,86065779-fa7c-ee11-8179-0022483d07d3,5690376,2023-11-14T13:34:21Z,Si dépasse la durée du mendant,288948ff-6082-ee11-8179-6045bd5d055b,731720002,,,,,,,,
"W/""5653110""",8b8ec1ac-037b-ee11-8179-0022483cac0d,c704ee4e-6282-ee11-8179-0022483d07d3,0,1,731720001,7d95c1ac-037b-ee11-8179-0022483cac0d,7d95c1ac-037b-ee11-8179-0022483cac0d,2023-11-13T20:22:12Z,5de7894d-6282-ee11-8179-6045bd5d055b,,7d95c1ac-037b-ee11-8179-0022483cac0d,7d95c1ac-037b-ee11-8179-0022483cac0d,5653110,2023-11-13T20:22:12Z,,,731720000,,,,,,,,
"W/""5653109""",8b8ec1ac-037b-ee11-8179-0022483cac0d,87e7894d-6282-ee11-8179-6045bd5d055b,0,1,731720003,7d95c1ac-037b-ee11-8179-0022483cac0d,7d95c1ac-037b-ee11-8179-0022483cac0d,2023-11-13T20:22:12Z,5de7894d-6282-ee11-8179-6045bd5d055b,,7d95c1ac-037b-ee11-8179-0022483cac0d,7d95c1ac-037b-ee11-8179-0022483cac0d,5653109,2023-11-13T20:22:12Z,,,731720002,,,,,,,,
"W/""5653111""",8b8ec1ac-037b-ee11-8179-0022483cac0d,1b14cc53-6282-ee11-8179-6045bd5d055b,0,1,731720005,7d95c1ac-037b-ee11-8179-0022483cac0d,7d95c1ac-037b-ee11-8179-0022483cac0d,2023-11-13T20:22:12Z,5de7894d-6282-ee11-8179-6045bd5d055b,,7d95c1ac-037b-ee11-8179-0022483cac0d,7d95c1ac-037b-ee11-8179-0022483cac0d,5653111,2023-11-13T20:22:12Z,,,731720001,,,,,,,,
"W/""5653102""",8b8ec1ac-037b-ee11-8179-0022483cac0d,c604ee4e-6282-ee11-8179-0022483d07d3,0,1,731720004,7d95c1ac-037b-ee11-8179-0022483cac0d,7d95c1ac-037b-ee11-8179-0022483cac0d,2023-11-13T20:22:11Z,5de7894d-6282-ee11-8179-6045bd5d055b,,7d95c1ac-037b-ee11-8179-0022483cac0d,7d95c1ac-037b-ee11-8179-0022483cac0d,5653102,2023-11-13T20:22:11Z,,,731720000,,,,,,,,
"W/""5653108""",8b8ec1ac-037b-ee11-8179-0022483cac0d,86e7894d-6282-ee11-8179-6045bd5d055b,0,1,731720002,7d95c1ac-037b-ee11-8179-0022483cac0d,7d95c1ac-037b-ee11-8179-0022483cac0d,2023-11-13T20:22:11Z,5de7894d-6282-ee11-8179-6045bd5d055b,,7d95c1ac-037b-ee11-8179-0022483cac0d,7d95c1ac-037b-ee11-8179-0022483cac0d,5653108,2023-11-13T20:22:11Z,,,731720001,,,,,,,,
"W/""5653079""",8b8ec1ac-037b-ee11-8179-0022483cac0d,c304ee4e-6282-ee11-8179-0022483d07d3,0,1,731720001,7d95c1ac-037b-ee11-8179-0022483cac0d,7d95c1ac-037b-ee11-8179-0022483cac0d,2023-11-13T20:22:08Z,a504ee4e-6282-ee11-8179-0022483d07d3,,7d95c1ac-037b-ee11-8179-0022483cac0d,7d95c1ac-037b-ee11-8179-0022483cac0d,5653079,2023-11-13T20:22:08Z,,,731720000,,,,,,,,
"W/""5653080""",8b8ec1ac-037b-ee11-8179-0022483cac0d,51e7894d-6282-ee11-8179-6045bd5d055b,0,1,731720005,7d95c1ac-037b-ee11-8179-0022483cac0d,7d95c1ac-037b-ee11-8179-0022483cac0d,2023-11-13T20:22:08Z,a504ee4e-6282-ee11-8179-0022483d07d3,,7d95c1ac-037b-ee11-8179-0022483cac0d,7d95c1ac-037b-ee11-8179-0022483cac0d,5653080,2023-11-13T20:22:08Z,,,731720001,,,,,,,,
"W/""5653078""",8b8ec1ac-037b-ee11-8179-0022483cac0d,c104ee4e-6282-ee11-8179-0022483d07d3,0,1,731720003,7d95c1ac-037b-ee11-8179-0022483cac0d,7d95c1ac-037b-ee11-8179-0022483cac0d,2023-11-13T20:22:07Z,a504ee4e-6282-ee11-8179-0022483d07d3,,7d95c1ac-037b-ee11-8179-0022483cac0d,7d95c1ac-037b-ee11-8179-0022483cac0d,5653078,2023-11-13T20:22:07Z,,,731720002,,,,,,,,
"W/""5653072""",8b8ec1ac-037b-ee11-8179-0022483cac0d,bc04ee4e-6282-ee11-8179-0022483d07d3,0,1,731720002,7d95c1ac-037b-ee11-8179-0022483cac0d,7d95c1ac-037b-ee11-8179-0022483cac0d,2023-11-13T20:22:06Z,a504ee4e-6282-ee11-8179-0022483d07d3,,7d95c1ac-037b-ee11-8179-0022483cac0d,7d95c1ac-037b-ee11-8179-0022483cac0d,5653072,2023-11-13T20:22:06Z,,,731720001,,,,,,,,
"W/""5653069""",8b8ec1ac-037b-ee11-8179-0022483cac0d,44e7894d-6282-ee11-8179-6045bd5d055b,0,1,731720004,7d95c1ac-037b-ee11-8179-0022483cac0d,7d95c1ac-037b-ee11-8179-0022483cac0d,2023-11-13T20:22:06Z,a504ee4e-6282-ee11-8179-0022483d07d3,,7d95c1ac-037b-ee11-8179-0022483cac0d,7d95c1ac-037b-ee11-8179-0022483cac0d,5653069,2023-11-13T20:22:06Z,,,731720000,,,,,,,,
"W/""5653046""",8b8ec1ac-037b-ee11-8179-0022483cac0d,2ee7894d-6282-ee11-8179-6045bd5d055b,0,1,731720005,7d95c1ac-037b-ee11-8179-0022483cac0d,7d95c1ac-037b-ee11-8179-0022483cac0d,2023-11-13T20:22:04Z,4dadc348-6282-ee11-8179-0022483d07d3,,7d95c1ac-037b-ee11-8179-0022483cac0d,7d95c1ac-037b-ee11-8179-0022483cac0d,5653046,2023-11-13T20:22:04Z,,,731720001,,,,,,,,
"W/""5653044""",8b8ec1ac-037b-ee11-8179-0022483cac0d,61adc348-6282-ee11-8179-0022483d07d3,0,1,731720003,7d95c1ac-037b-ee11-8179-0022483cac0d,7d95c1ac-037b-ee11-8179-0022483cac0d,2023-11-13T20:22:03Z,4dadc348-6282-ee11-8179-0022483d07d3,,7d95c1ac-037b-ee11-8179-0022483cac0d,7d95c1ac-037b-ee11-8179-0022483cac0d,5653044,2023-11-13T20:22:03Z,,,731720002,,,,,,,,
"W/""5653045""",8b8ec1ac-037b-ee11-8179-0022483cac0d,62adc348-6282-ee11-8179-0022483d07d3,0,1,731720001,7d95c1ac-037b-ee11-8179-0022483cac0d,7d95c1ac-037b-ee11-8179-0022483cac0d,2023-11-13T20:22:03Z,4dadc348-6282-ee11-8179-0022483d07d3,,7d95c1ac-037b-ee11-8179-0022483cac0d,7d95c1ac-037b-ee11-8179-0022483cac0d,5653045,2023-11-13T20:22:03Z,,,731720000,,,,,,,,
"W/""5653043""",8b8ec1ac-037b-ee11-8179-0022483cac0d,2ce7894d-6282-ee11-8179-6045bd5d055b,0,1,731720002,7d95c1ac-037b-ee11-8179-0022483cac0d,7d95c1ac-037b-ee11-8179-0022483cac0d,2023-11-13T20:22:03Z,4dadc348-6282-ee11-8179-0022483d07d3,,7d95c1ac-037b-ee11-8179-0022483cac0d,7d95c1ac-037b-ee11-8179-0022483cac0d,5653043,2023-11-13T20:22:03Z,,,731720001,,,,,,,,
"W/""5653042""",8b8ec1ac-037b-ee11-8179-0022483cac0d,60adc348-6282-ee11-8179-0022483d07d3,0,1,731720004,7d95c1ac-037b-ee11-8179-0022483cac0d,7d95c1ac-037b-ee11-8179-0022483cac0d,2023-11-13T20:22:02Z,4dadc348-6282-ee11-8179-0022483d07d3,,7d95c1ac-037b-ee11-8179-0022483cac0d,7d95c1ac-037b-ee11-8179-0022483cac0d,5653042,2023-11-13T20:22:02Z,,,731720000,,,,,,,,
"W/""5653018""",8b8ec1ac-037b-ee11-8179-0022483cac0d,4cadc348-6282-ee11-8179-0022483d07d3,0,1,731720005,7d95c1ac-037b-ee11-8179-0022483cac0d,7d95c1ac-037b-ee11-8179-0022483cac0d,2023-11-13T20:22:00Z,10558347-6282-ee11-8179-6045bd5d055b,,7d95c1ac-037b-ee11-8179-0022483cac0d,7d95c1ac-037b-ee11-8179-0022483cac0d,5653018,2023-11-13T20:22:00Z,,,731720001,,,,,,,,
"W/""5653014""",8b8ec1ac-037b-ee11-8179-0022483cac0d,4badc348-6282-ee11-8179-0022483d07d3,0,1,731720003,7d95c1ac-037b-ee11-8179-0022483cac0d,7d95c1ac-037b-ee11-8179-0022483cac0d,2023-11-13T20:21:59Z,10558347-6282-ee11-8179-6045bd5d055b,,7d95c1ac-037b-ee11-8179-0022483cac0d,7d95c1ac-037b-ee11-8179-0022483cac0d,5653014,2023-11-13T20:21:59Z,,,731720002,,,,,,,,
"W/""5653012""",8b8ec1ac-037b-ee11-8179-0022483cac0d,25558347-6282-ee11-8179-6045bd5d055b,0,1,731720002,7d95c1ac-037b-ee11-8179-0022483cac0d,7d95c1ac-037b-ee11-8179-0022483cac0d,2023-11-13T20:21:59Z,10558347-6282-ee11-8179-6045bd5d055b,,7d95c1ac-037b-ee11-8179-0022483cac0d,7d95c1ac-037b-ee11-8179-0022483cac0d,5653012,2023-11-13T20:21:59Z,,,731720001,,,,,,,,
"W/""5653016""",8b8ec1ac-037b-ee11-8179-0022483cac0d,26558347-6282-ee11-8179-6045bd5d055b,0,1,731720001,7d95c1ac-037b-ee11-8179-0022483cac0d,7d95c1ac-037b-ee11-8179-0022483cac0d,2023-11-13T20:21:59Z,10558347-6282-ee11-8179-6045bd5d055b,,7d95c1ac-037b-ee11-8179-0022483cac0d,7d95c1ac-037b-ee11-8179-0022483cac0d,5653016,2023-11-13T20:21:59Z,,,731720000,,,,,,,,
"W/""5653011""",8b8ec1ac-037b-ee11-8179-0022483cac0d,23558347-6282-ee11-8179-6045bd5d055b,0,1,731720004,7d95c1ac-037b-ee11-8179-0022483cac0d,7d95c1ac-037b-ee11-8179-0022483cac0d,2023-11-13T20:21:58Z,10558347-6282-ee11-8179-6045bd5d055b,,7d95c1ac-037b-ee11-8179-0022483cac0d,7d95c1ac-037b-ee11-8179-0022483cac0d,5653011,2023-11-13T20:21:58Z,,,731720000,,,,,,,,
"W/""5652987""",8b8ec1ac-037b-ee11-8179-0022483cac0d,42adc348-6282-ee11-8179-0022483d07d3,0,1,731720003,7d95c1ac-037b-ee11-8179-0022483cac0d,7d95c1ac-037b-ee11-8179-0022483cac0d,2023-11-13T20:21:55Z,8704c942-6282-ee11-8179-0022483d07d3,,7d95c1ac-037b-ee11-8179-0022483cac0d,7d95c1ac-037b-ee11-8179-0022483cac0d,5652987,2023-11-13T20:21:55Z,,,731720002,,,,,,,,
"W/""5652988""",8b8ec1ac-037b-ee11-8179-0022483cac0d,0b558347-6282-ee11-8179-6045bd5d055b,0,1,731720001,7d95c1ac-037b-ee11-8179-0022483cac0d,7d95c1ac-037b-ee11-8179-0022483cac0d,2023-11-13T20:21:55Z,8704c942-6282-ee11-8179-0022483d07d3,,7d95c1ac-037b-ee11-8179-0022483cac0d,7d95c1ac-037b-ee11-8179-0022483cac0d,5652988,2023-11-13T20:21:55Z,,,731720000,,,,,,,,
"W/""5652989""",8b8ec1ac-037b-ee11-8179-0022483cac0d,0e558347-6282-ee11-8179-6045bd5d055b,0,1,731720005,7d95c1ac-037b-ee11-8179-0022483cac0d,7d95c1ac-037b-ee11-8179-0022483cac0d,2023-11-13T20:21:55Z,8704c942-6282-ee11-8179-0022483d07d3,,7d95c1ac-037b-ee11-8179-0022483cac0d,7d95c1ac-037b-ee11-8179-0022483cac0d,5652989,2023-11-13T20:21:55Z,,,731720001,,,,,,,,
"W/""5652983""",8b8ec1ac-037b-ee11-8179-0022483cac0d,03558347-6282-ee11-8179-6045bd5d055b,0,1,731720002,7d95c1ac-037b-ee11-8179-0022483cac0d,7d95c1ac-037b-ee11-8179-0022483cac0d,2023-11-13T20:21:54Z,8704c942-6282-ee11-8179-0022483d07d3,,7d95c1ac-037b-ee11-8179-0022483cac0d,7d95c1ac-037b-ee11-8179-0022483cac0d,5652983,2023-11-13T20:21:54Z,,,731720001,,,,,,,,
"W/""5652957""",8b8ec1ac-037b-ee11-8179-0022483cac0d,8204c942-6282-ee11-8179-0022483d07d3,0,1,731720001,7d95c1ac-037b-ee11-8179-0022483cac0d,7d95c1ac-037b-ee11-8179-0022483cac0d,2023-11-13T20:21:51Z,6504c942-6282-ee11-8179-0022483d07d3,,7d95c1ac-037b-ee11-8179-0022483cac0d,7d95c1ac-037b-ee11-8179-0022483cac0d,5652957,2023-11-13T20:21:51Z,,,731720000,,,,,,,,
"W/""5652958""",8b8ec1ac-037b-ee11-8179-0022483cac0d,8504c942-6282-ee11-8179-0022483d07d3,0,1,731720005,7d95c1ac-037b-ee11-8179-0022483cac0d,7d95c1ac-037b-ee11-8179-0022483cac0d,2023-11-13T20:21:51Z,6504c942-6282-ee11-8179-0022483d07d3,,7d95c1ac-037b-ee11-8179-0022483cac0d,7d95c1ac-037b-ee11-8179-0022483cac0d,5652958,2023-11-13T20:21:51Z,,,731720001,,,,,,,,
"W/""5652952""",8b8ec1ac-037b-ee11-8179-0022483cac0d,7f04c942-6282-ee11-8179-0022483d07d3,0,1,731720002,7d95c1ac-037b-ee11-8179-0022483cac0d,7d95c1ac-037b-ee11-8179-0022483cac0d,2023-11-13T20:21:50Z,6504c942-6282-ee11-8179-0022483d07d3,,7d95c1ac-037b-ee11-8179-0022483cac0d,7d95c1ac-037b-ee11-8179-0022483cac0d,5652952,2023-11-13T20:21:50Z,,,731720001,,,,,,,,
"W/""5652956""",8b8ec1ac-037b-ee11-8179-0022483cac0d,8104c942-6282-ee11-8179-0022483d07d3,0,1,731720003,7d95c1ac-037b-ee11-8179-0022483cac0d,7d95c1ac-037b-ee11-8179-0022483cac0d,2023-11-13T20:21:50Z,6504c942-6282-ee11-8179-0022483d07d3,,7d95c1ac-037b-ee11-8179-0022483cac0d,7d95c1ac-037b-ee11-8179-0022483cac0d,5652956,2023-11-13T20:21:50Z,,,731720002,,,,,,,,
"W/""5652951""",8b8ec1ac-037b-ee11-8179-0022483cac0d,7c04c942-6282-ee11-8179-0022483d07d3,0,1,731720004,7d95c1ac-037b-ee11-8179-0022483cac0d,7d95c1ac-037b-ee11-8179-0022483cac0d,2023-11-13T20:21:49Z,6504c942-6282-ee11-8179-0022483d07d3,,7d95c1ac-037b-ee11-8179-0022483cac0d,7d95c1ac-037b-ee11-8179-0022483cac0d,5652951,2023-11-13T20:21:49Z,,,731720000,,,,,,,,
"W/""5652926""",8b8ec1ac-037b-ee11-8179-0022483cac0d,6304c942-6282-ee11-8179-0022483d07d3,0,1,731720001,7d95c1ac-037b-ee11-8179-0022483cac0d,7d95c1ac-037b-ee11-8179-0022483cac0d,2023-11-13T20:21:46Z,a4c27c41-6282-ee11-8179-6045bd5d055b,,7d95c1ac-037b-ee11-8179-0022483cac0d,7d95c1ac-037b-ee11-8179-0022483cac0d,5652926,2023-11-13T20:21:46Z,,,731720000,,,,,,,,
"W/""5652927""",8b8ec1ac-037b-ee11-8179-0022483cac0d,d8c27c41-6282-ee11-8179-6045bd5d055b,0,1,731720005,7d95c1ac-037b-ee11-8179-0022483cac0d,7d95c1ac-037b-ee11-8179-0022483cac0d,2023-11-13T20:21:46Z,a4c27c41-6282-ee11-8179-6045bd5d055b,,7d95c1ac-037b-ee11-8179-0022483cac0d,7d95c1ac-037b-ee11-8179-0022483cac0d,5652927,2023-11-13T20:21:46Z,,,731720001,,,,,,,,
"W/""5652924""",8b8ec1ac-037b-ee11-8179-0022483cac0d,4f04c942-6282-ee11-8179-0022483d07d3,0,1,731720002,7d95c1ac-037b-ee11-8179-0022483cac0d,7d95c1ac-037b-ee11-8179-0022483cac0d,2023-11-13T20:21:45Z,a4c27c41-6282-ee11-8179-6045bd5d055b,,7d95c1ac-037b-ee11-8179-0022483cac0d,7d95c1ac-037b-ee11-8179-0022483cac0d,5652924,2023-11-13T20:21:45Z,,,731720001,,,,,,,,
"W/""5652925""",8b8ec1ac-037b-ee11-8179-0022483cac0d,6204c942-6282-ee11-8179-0022483d07d3,0,1,731720003,7d95c1ac-037b-ee11-8179-0022483cac0d,7d95c1ac-037b-ee11-8179-0022483cac0d,2023-11-13T20:21:45Z,a4c27c41-6282-ee11-8179-6045bd5d055b,,7d95c1ac-037b-ee11-8179-0022483cac0d,7d95c1ac-037b-ee11-8179-0022483cac0d,5652925,2023-11-13T20:21:45Z,,,731720002,,,,,,,,
"W/""5652921""",8b8ec1ac-037b-ee11-8179-0022483cac0d,cdc27c41-6282-ee11-8179-6045bd5d055b,0,1,731720004,7d95c1ac-037b-ee11-8179-0022483cac0d,7d95c1ac-037b-ee11-8179-0022483cac0d,2023-11-13T20:21:45Z,a4c27c41-6282-ee11-8179-6045bd5d055b,,7d95c1ac-037b-ee11-8179-0022483cac0d,7d95c1ac-037b-ee11-8179-0022483cac0d,5652921,2023-11-13T20:21:45Z,,,731720000,,,,,,,,
"W/""5652893""",8b8ec1ac-037b-ee11-8179-0022483cac0d,1a7f843b-6282-ee11-8179-6045bd5d055b,0,1,731720005,7d95c1ac-037b-ee11-8179-0022483cac0d,7d95c1ac-037b-ee11-8179-0022483cac0d,2023-11-13T20:21:41Z,d944a636-6282-ee11-8179-0022483d07d3,,7d95c1ac-037b-ee11-8179-0022483cac0d,7d95c1ac-037b-ee11-8179-0022483cac0d,5652893,2023-11-13T20:21:41Z,,,731720001,,,,,,,,
"W/""5652892""",8b8ec1ac-037b-ee11-8179-0022483cac0d,91eda03c-6282-ee11-8179-0022483d07d3,0,1,731720001,7d95c1ac-037b-ee11-8179-0022483cac0d,7d95c1ac-037b-ee11-8179-0022483cac0d,2023-11-13T20:21:39Z,d944a636-6282-ee11-8179-0022483d07d3,,7d95c1ac-037b-ee11-8179-0022483cac0d,7d95c1ac-037b-ee11-8179-0022483cac0d,5652892,2023-11-13T20:21:39Z,,,731720000,,,,,,,,
"W/""5652891""",8b8ec1ac-037b-ee11-8179-0022483cac0d,8eeda03c-6282-ee11-8179-0022483d07d3,0,1,731720003,7d95c1ac-037b-ee11-8179-0022483cac0d,7d95c1ac-037b-ee11-8179-0022483cac0d,2023-11-13T20:21:38Z,d944a636-6282-ee11-8179-0022483d07d3,,7d95c1ac-037b-ee11-8179-0022483cac0d,7d95c1ac-037b-ee11-8179-0022483cac0d,5652891,2023-11-13T20:21:38Z,,,731720002,,,,,,,,
"W/""5652889""",8b8ec1ac-037b-ee11-8179-0022483cac0d,107f843b-6282-ee11-8179-6045bd5d055b,0,1,731720004,7d95c1ac-037b-ee11-8179-0022483cac0d,7d95c1ac-037b-ee11-8179-0022483cac0d,2023-11-13T20:21:37Z,d944a636-6282-ee11-8179-0022483d07d3,,7d95c1ac-037b-ee11-8179-0022483cac0d,7d95c1ac-037b-ee11-8179-0022483cac0d,5652889,2023-11-13T20:21:37Z,,,731720000,,,,,,,,
"W/""5652890""",8b8ec1ac-037b-ee11-8179-0022483cac0d,127f843b-6282-ee11-8179-6045bd5d055b,0,1,731720002,7d95c1ac-037b-ee11-8179-0022483cac0d,7d95c1ac-037b-ee11-8179-0022483cac0d,2023-11-13T20:21:37Z,d944a636-6282-ee11-8179-0022483d07d3,,7d95c1ac-037b-ee11-8179-0022483cac0d,7d95c1ac-037b-ee11-8179-0022483cac0d,5652890,2023-11-13T20:21:37Z,,,731720001,,,,,,,,
"W/""9074839""",8b8ec1ac-037b-ee11-8179-0022483cac0d,c844a636-6282-ee11-8179-0022483d07d3,1,2,731720004,7d95c1ac-037b-ee11-8179-0022483cac0d,7d95c1ac-037b-ee11-8179-0022483cac0d,2024-02-20T16:23:40Z,b744a636-6282-ee11-8179-0022483d07d3,,7d95c1ac-037b-ee11-8179-0022483cac0d,86065779-fa7c-ee11-8179-0022483d07d3,9074839,2023-11-13T20:21:31Z,,,731720000,,,,,,,,
"W/""5652806""",8b8ec1ac-037b-ee11-8179-0022483cac0d,b344a636-6282-ee11-8179-0022483d07d3,0,1,731720005,7d95c1ac-037b-ee11-8179-0022483cac0d,7d95c1ac-037b-ee11-8179-0022483cac0d,2023-11-13T20:21:25Z,1a629130-6282-ee11-8179-0022483d07d3,,7d95c1ac-037b-ee11-8179-0022483cac0d,7d95c1ac-037b-ee11-8179-0022483cac0d,5652806,2023-11-13T20:21:25Z,,,731720001,,,,,,,,
"W/""5652799""",8b8ec1ac-037b-ee11-8179-0022483cac0d,af44a636-6282-ee11-8179-0022483d07d3,0,1,731720002,7d95c1ac-037b-ee11-8179-0022483cac0d,7d95c1ac-037b-ee11-8179-0022483cac0d,2023-11-13T20:21:24Z,1a629130-6282-ee11-8179-0022483d07d3,,7d95c1ac-037b-ee11-8179-0022483cac0d,7d95c1ac-037b-ee11-8179-0022483cac0d,5652799,2023-11-13T20:21:24Z,,,731720001,,,,,,,,
"W/""5652802""",8b8ec1ac-037b-ee11-8179-0022483cac0d,b144a636-6282-ee11-8179-0022483d07d3,0,1,731720001,7d95c1ac-037b-ee11-8179-0022483cac0d,7d95c1ac-037b-ee11-8179-0022483cac0d,2023-11-13T20:21:24Z,1a629130-6282-ee11-8179-0022483d07d3,,7d95c1ac-037b-ee11-8179-0022483cac0d,7d95c1ac-037b-ee11-8179-0022483cac0d,5652802,2023-11-13T20:21:24Z,,,731720000,,,,,,,,
"W/""5652801""",8b8ec1ac-037b-ee11-8179-0022483cac0d,d3c83835-6282-ee11-8179-6045bd5d055b,0,1,731720003,7d95c1ac-037b-ee11-8179-0022483cac0d,7d95c1ac-037b-ee11-8179-0022483cac0d,2023-11-13T20:21:24Z,1a629130-6282-ee11-8179-0022483d07d3,,7d95c1ac-037b-ee11-8179-0022483cac0d,7d95c1ac-037b-ee11-8179-0022483cac0d,5652801,2023-11-13T20:21:24Z,,,731720002,,,,,,,,
"W/""5652798""",8b8ec1ac-037b-ee11-8179-0022483cac0d,ccc83835-6282-ee11-8179-6045bd5d055b,0,1,731720004,7d95c1ac-037b-ee11-8179-0022483cac0d,7d95c1ac-037b-ee11-8179-0022483cac0d,2023-11-13T20:21:23Z,1a629130-6282-ee11-8179-0022483d07d3,,7d95c1ac-037b-ee11-8179-0022483cac0d,7d95c1ac-037b-ee11-8179-0022483cac0d,5652798,2023-11-13T20:21:23Z,,,731720000,,,,,,,,
"W/""5652773""",8b8ec1ac-037b-ee11-8179-0022483cac0d,3485402f-6282-ee11-8179-6045bd5d055b,0,1,731720005,7d95c1ac-037b-ee11-8179-0022483cac0d,7d95c1ac-037b-ee11-8179-0022483cac0d,2023-11-13T20:21:20Z,d6619130-6282-ee11-8179-0022483d07d3,,7d95c1ac-037b-ee11-8179-0022483cac0d,7d95c1ac-037b-ee11-8179-0022483cac0d,5652773,2023-11-13T20:21:20Z,,,731720001,,,,,,,,
"W/""5652769""",8b8ec1ac-037b-ee11-8179-0022483cac0d,16629130-6282-ee11-8179-0022483d07d3,0,1,731720002,7d95c1ac-037b-ee11-8179-0022483cac0d,7d95c1ac-037b-ee11-8179-0022483cac0d,2023-11-13T20:21:19Z,d6619130-6282-ee11-8179-0022483d07d3,,7d95c1ac-037b-ee11-8179-0022483cac0d,7d95c1ac-037b-ee11-8179-0022483cac0d,5652769,2023-11-13T20:21:19Z,,,731720001,,,,,,,,
"W/""5652770""",8b8ec1ac-037b-ee11-8179-0022483cac0d,2b85402f-6282-ee11-8179-6045bd5d055b,0,1,731720003,7d95c1ac-037b-ee11-8179-0022483cac0d,7d95c1ac-037b-ee11-8179-0022483cac0d,2023-11-13T20:21:19Z,d6619130-6282-ee11-8179-0022483d07d3,,7d95c1ac-037b-ee11-8179-0022483cac0d,7d95c1ac-037b-ee11-8179-0022483cac0d,5652770,2023-11-13T20:21:19Z,,,731720002,,,,,,,,
"W/""5652772""",8b8ec1ac-037b-ee11-8179-0022483cac0d,2e85402f-6282-ee11-8179-6045bd5d055b,0,1,731720001,7d95c1ac-037b-ee11-8179-0022483cac0d,7d95c1ac-037b-ee11-8179-0022483cac0d,2023-11-13T20:21:19Z,d6619130-6282-ee11-8179-0022483d07d3,,7d95c1ac-037b-ee11-8179-0022483cac0d,7d95c1ac-037b-ee11-8179-0022483cac0d,5652772,2023-11-13T20:21:19Z,,,731720000,,,,,,,,
"W/""5652768""",8b8ec1ac-037b-ee11-8179-0022483cac0d,1e85402f-6282-ee11-8179-6045bd5d055b,0,1,731720004,7d95c1ac-037b-ee11-8179-0022483cac0d,7d95c1ac-037b-ee11-8179-0022483cac0d,2023-11-13T20:21:18Z,d6619130-6282-ee11-8179-0022483d07d3,,7d95c1ac-037b-ee11-8179-0022483cac0d,7d95c1ac-037b-ee11-8179-0022483cac0d,5652768,2023-11-13T20:21:18Z,,,731720000,,,,,,,,
"W/""5652741""",8b8ec1ac-037b-ee11-8179-0022483cac0d,d5619130-6282-ee11-8179-0022483d07d3,0,1,731720001,7d95c1ac-037b-ee11-8179-0022483cac0d,7d95c1ac-037b-ee11-8179-0022483cac0d,2023-11-13T20:21:15Z,d484402f-6282-ee11-8179-6045bd5d055b,,7d95c1ac-037b-ee11-8179-0022483cac0d,7d95c1ac-037b-ee11-8179-0022483cac0d,5652741,2023-11-13T20:21:15Z,,,731720000,,,,,,,,
"W/""5652737""",8b8ec1ac-037b-ee11-8179-0022483cac0d,f584402f-6282-ee11-8179-6045bd5d055b,0,1,731720003,7d95c1ac-037b-ee11-8179-0022483cac0d,7d95c1ac-037b-ee11-8179-0022483cac0d,2023-11-13T20:21:15Z,d484402f-6282-ee11-8179-6045bd5d055b,,7d95c1ac-037b-ee11-8179-0022483cac0d,7d95c1ac-037b-ee11-8179-0022483cac0d,5652737,2023-11-13T20:21:15Z,,,731720002,,,,,,,,
"W/""5652742""",8b8ec1ac-037b-ee11-8179-0022483cac0d,f784402f-6282-ee11-8179-6045bd5d055b,0,1,731720005,7d95c1ac-037b-ee11-8179-0022483cac0d,7d95c1ac-037b-ee11-8179-0022483cac0d,2023-11-13T20:21:15Z,d484402f-6282-ee11-8179-6045bd5d055b,,7d95c1ac-037b-ee11-8179-0022483cac0d,7d95c1ac-037b-ee11-8179-0022483cac0d,5652742,2023-11-13T20:21:15Z,,,731720001,,,,,,,,
"W/""5652733""",8b8ec1ac-037b-ee11-8179-0022483cac0d,eb84402f-6282-ee11-8179-6045bd5d055b,0,1,731720004,7d95c1ac-037b-ee11-8179-0022483cac0d,7d95c1ac-037b-ee11-8179-0022483cac0d,2023-11-13T20:21:14Z,d484402f-6282-ee11-8179-6045bd5d055b,,7d95c1ac-037b-ee11-8179-0022483cac0d,7d95c1ac-037b-ee11-8179-0022483cac0d,5652733,2023-11-13T20:21:14Z,,,731720000,,,,,,,,
"W/""5652735""",8b8ec1ac-037b-ee11-8179-0022483cac0d,ee84402f-6282-ee11-8179-6045bd5d055b,0,1,731720002,7d95c1ac-037b-ee11-8179-0022483cac0d,7d95c1ac-037b-ee11-8179-0022483cac0d,2023-11-13T20:21:14Z,d484402f-6282-ee11-8179-6045bd5d055b,,7d95c1ac-037b-ee11-8179-0022483cac0d,7d95c1ac-037b-ee11-8179-0022483cac0d,5652735,2023-11-13T20:21:14Z,,,731720001,,,,,,,,
"W/""5652709""",8b8ec1ac-037b-ee11-8179-0022483cac0d,08f33929-6282-ee11-8179-6045bd5d055b,0,1,731720001,7d95c1ac-037b-ee11-8179-0022483cac0d,7d95c1ac-037b-ee11-8179-0022483cac0d,2023-11-13T20:21:11Z,f7f23929-6282-ee11-8179-6045bd5d055b,,7d95c1ac-037b-ee11-8179-0022483cac0d,7d95c1ac-037b-ee11-8179-0022483cac0d,5652709,2023-11-13T20:21:11Z,,,731720000,,,,,,,,
"W/""5652710""",8b8ec1ac-037b-ee11-8179-0022483cac0d,cd84402f-6282-ee11-8179-6045bd5d055b,0,1,731720005,7d95c1ac-037b-ee11-8179-0022483cac0d,7d95c1ac-037b-ee11-8179-0022483cac0d,2023-11-13T20:21:11Z,f7f23929-6282-ee11-8179-6045bd5d055b,,7d95c1ac-037b-ee11-8179-0022483cac0d,7d95c1ac-037b-ee11-8179-0022483cac0d,5652710,2023-11-13T20:21:11Z,,,731720001,,,,,,,,
"W/""5652703""",8b8ec1ac-037b-ee11-8179-0022483cac0d,91cd8a2a-6282-ee11-8179-0022483d07d3,0,1,731720004,7d95c1ac-037b-ee11-8179-0022483cac0d,7d95c1ac-037b-ee11-8179-0022483cac0d,2023-11-13T20:21:10Z,f7f23929-6282-ee11-8179-6045bd5d055b,,7d95c1ac-037b-ee11-8179-0022483cac0d,7d95c1ac-037b-ee11-8179-0022483cac0d,5652703,2023-11-13T20:21:10Z,,,731720000,,,,,,,,
"W/""5652707""",8b8ec1ac-037b-ee11-8179-0022483cac0d,94cd8a2a-6282-ee11-8179-0022483d07d3,0,1,731720002,7d95c1ac-037b-ee11-8179-0022483cac0d,7d95c1ac-037b-ee11-8179-0022483cac0d,2023-11-13T20:21:10Z,f7f23929-6282-ee11-8179-6045bd5d055b,,7d95c1ac-037b-ee11-8179-0022483cac0d,7d95c1ac-037b-ee11-8179-0022483cac0d,5652707,2023-11-13T20:21:10Z,,,731720001,,,,,,,,
"W/""5652708""",8b8ec1ac-037b-ee11-8179-0022483cac0d,97cd8a2a-6282-ee11-8179-0022483d07d3,0,1,731720003,7d95c1ac-037b-ee11-8179-0022483cac0d,7d95c1ac-037b-ee11-8179-0022483cac0d,2023-11-13T20:21:10Z,f7f23929-6282-ee11-8179-6045bd5d055b,,7d95c1ac-037b-ee11-8179-0022483cac0d,7d95c1ac-037b-ee11-8179-0022483cac0d,5652708,2023-11-13T20:21:10Z,,,731720002,,,,,,,,
"W/""5652679""",8b8ec1ac-037b-ee11-8179-0022483cac0d,3ecd8a2a-6282-ee11-8179-0022483d07d3,0,1,731720001,7d95c1ac-037b-ee11-8179-0022483cac0d,7d95c1ac-037b-ee11-8179-0022483cac0d,2023-11-13T20:21:06Z,aff23929-6282-ee11-8179-6045bd5d055b,,7d95c1ac-037b-ee11-8179-0022483cac0d,7d95c1ac-037b-ee11-8179-0022483cac0d,5652679,2023-11-13T20:21:06Z,,,731720000,,,,,,,,
"W/""5652680""",8b8ec1ac-037b-ee11-8179-0022483cac0d,4fcd8a2a-6282-ee11-8179-0022483d07d3,0,1,731720005,7d95c1ac-037b-ee11-8179-0022483cac0d,7d95c1ac-037b-ee11-8179-0022483cac0d,2023-11-13T20:21:06Z,aff23929-6282-ee11-8179-6045bd5d055b,,7d95c1ac-037b-ee11-8179-0022483cac0d,7d95c1ac-037b-ee11-8179-0022483cac0d,5652680,2023-11-13T20:21:06Z,,,731720001,,,,,,,,
"W/""5652674""",8b8ec1ac-037b-ee11-8179-0022483cac0d,34cd8a2a-6282-ee11-8179-0022483d07d3,0,1,731720003,7d95c1ac-037b-ee11-8179-0022483cac0d,7d95c1ac-037b-ee11-8179-0022483cac0d,2023-11-13T20:21:05Z,aff23929-6282-ee11-8179-6045bd5d055b,,7d95c1ac-037b-ee11-8179-0022483cac0d,7d95c1ac-037b-ee11-8179-0022483cac0d,5652674,2023-11-13T20:21:05Z,,,731720002,,,,,,,,
"W/""5652673""",8b8ec1ac-037b-ee11-8179-0022483cac0d,e5f23929-6282-ee11-8179-6045bd5d055b,0,1,731720002,7d95c1ac-037b-ee11-8179-0022483cac0d,7d95c1ac-037b-ee11-8179-0022483cac0d,2023-11-13T20:21:04Z,aff23929-6282-ee11-8179-6045bd5d055b,,7d95c1ac-037b-ee11-8179-0022483cac0d,7d95c1ac-037b-ee11-8179-0022483cac0d,5652673,2023-11-13T20:21:04Z,,,731720001,,,,,,,,
"W/""5652672""",8b8ec1ac-037b-ee11-8179-0022483cac0d,e4f23929-6282-ee11-8179-6045bd5d055b,0,1,731720004,7d95c1ac-037b-ee11-8179-0022483cac0d,7d95c1ac-037b-ee11-8179-0022483cac0d,2023-11-13T20:21:03Z,aff23929-6282-ee11-8179-6045bd5d055b,,7d95c1ac-037b-ee11-8179-0022483cac0d,7d95c1ac-037b-ee11-8179-0022483cac0d,5652672,2023-11-13T20:21:03Z,,,731720000,,,,,,,,
"W/""5652646""",8b8ec1ac-037b-ee11-8179-0022483cac0d,ed265224-6282-ee11-8179-0022483d07d3,0,1,731720001,7d95c1ac-037b-ee11-8179-0022483cac0d,7d95c1ac-037b-ee11-8179-0022483cac0d,2023-11-13T20:21:00Z,c2881b23-6282-ee11-8179-6045bd5d055b,,7d95c1ac-037b-ee11-8179-0022483cac0d,7d95c1ac-037b-ee11-8179-0022483cac0d,5652646,2023-11-13T20:21:00Z,,,731720000,,,,,,,,
"W/""5652649""",8b8ec1ac-037b-ee11-8179-0022483cac0d,f1265224-6282-ee11-8179-0022483d07d3,0,1,731720005,7d95c1ac-037b-ee11-8179-0022483cac0d,7d95c1ac-037b-ee11-8179-0022483cac0d,2023-11-13T20:21:00Z,c2881b23-6282-ee11-8179-6045bd5d055b,,7d95c1ac-037b-ee11-8179-0022483cac0d,7d95c1ac-037b-ee11-8179-0022483cac0d,5652649,2023-11-13T20:21:00Z,,,731720001,,,,,,,,
"W/""5652643""",8b8ec1ac-037b-ee11-8179-0022483cac0d,e7265224-6282-ee11-8179-0022483d07d3,0,1,731720002,7d95c1ac-037b-ee11-8179-0022483cac0d,7d95c1ac-037b-ee11-8179-0022483cac0d,2023-11-13T20:20:59Z,c2881b23-6282-ee11-8179-6045bd5d055b,,7d95c1ac-037b-ee11-8179-0022483cac0d,7d95c1ac-037b-ee11-8179-0022483cac0d,5652643,2023-11-13T20:20:59Z,,,731720001,,,,,,,,
"W/""5652644""",8b8ec1ac-037b-ee11-8179-0022483cac0d,ec265224-6282-ee11-8179-0022483d07d3,0,1,731720003,7d95c1ac-037b-ee11-8179-0022483cac0d,7d95c1ac-037b-ee11-8179-0022483cac0d,2023-11-13T20:20:59Z,c2881b23-6282-ee11-8179-6045bd5d055b,,7d95c1ac-037b-ee11-8179-0022483cac0d,7d95c1ac-037b-ee11-8179-0022483cac0d,5652644,2023-11-13T20:20:59Z,,,731720002,,,,,,,,
"W/""5652641""",8b8ec1ac-037b-ee11-8179-0022483cac0d,e5265224-6282-ee11-8179-0022483d07d3,0,1,731720004,7d95c1ac-037b-ee11-8179-0022483cac0d,7d95c1ac-037b-ee11-8179-0022483cac0d,2023-11-13T20:20:58Z,c2881b23-6282-ee11-8179-6045bd5d055b,,7d95c1ac-037b-ee11-8179-0022483cac0d,7d95c1ac-037b-ee11-8179-0022483cac0d,5652641,2023-11-13T20:20:58Z,,,731720000,,,,,,,,
"W/""5690054""",8b8ec1ac-037b-ee11-8179-0022483cac0d,83994d4a-6182-ee11-8179-6045bd5d055b,0,1,731720005,86065779-fa7c-ee11-8179-0022483d07d3,86065779-fa7c-ee11-8179-0022483d07d3,2023-11-14T14:04:44Z,,15000,86065779-fa7c-ee11-8179-0022483d07d3,7d95c1ac-037b-ee11-8179-0022483cac0d,5690054,2023-11-13T20:14:47Z,250$ par jour de pénalités,288948ff-6082-ee11-8179-6045bd5d055b,731720001,,,,,,,,
"W/""5690052""",8b8ec1ac-037b-ee11-8179-0022483cac0d,fb92af37-6182-ee11-8179-6045bd5d055b,0,1,731720001,86065779-fa7c-ee11-8179-0022483d07d3,86065779-fa7c-ee11-8179-0022483d07d3,2023-11-14T14:04:40Z,,5000,86065779-fa7c-ee11-8179-0022483d07d3,7d95c1ac-037b-ee11-8179-0022483cac0d,5690052,2023-11-13T20:14:24Z,Les substitution de ressource non stratégique coûte cher...,288948ff-6082-ee11-8179-6045bd5d055b,731720000,,,,,,,,
"W/""5690050""",8b8ec1ac-037b-ee11-8179-0022483cac0d,8ac4152b-6182-ee11-8179-6045bd5d055b,0,1,731720003,86065779-fa7c-ee11-8179-0022483d07d3,86065779-fa7c-ee11-8179-0022483d07d3,2023-11-14T14:04:34Z,,500,86065779-fa7c-ee11-8179-0022483d07d3,7d95c1ac-037b-ee11-8179-0022483cac0d,5690050,2023-11-13T20:13:59Z,Pas de retard S.V.P.,288948ff-6082-ee11-8179-6045bd5d055b,731720002,,,,,,,,
"W/""5690380""",8b8ec1ac-037b-ee11-8179-0022483cac0d,e6e62a1e-6182-ee11-8179-6045bd5d055b,0,1,731720002,86065779-fa7c-ee11-8179-0022483d07d3,86065779-fa7c-ee11-8179-0022483d07d3,2023-11-14T15:03:08Z,,5002,86065779-fa7c-ee11-8179-0022483d07d3,86065779-fa7c-ee11-8179-0022483d07d3,5690380,2023-11-13T20:13:34Z,Attention au retard de réponse à une demande,288948ff-6082-ee11-8179-6045bd5d055b,731720001,,,,,,,,
"W/""5690048""",8b8ec1ac-037b-ee11-8179-0022483cac0d,87069b0b-6182-ee11-8179-6045bd5d055b,0,1,731720004,86065779-fa7c-ee11-8179-0022483d07d3,86065779-fa7c-ee11-8179-0022483d07d3,2023-11-14T14:04:28Z,,10000,86065779-fa7c-ee11-8179-0022483d07d3,7d95c1ac-037b-ee11-8179-0022483cac0d,5690048,2023-11-13T20:13:09Z,1 janvier 2024,288948ff-6082-ee11-8179-6045bd5d055b,731720000,,,,,,,,
"W/""5690046""",8b8ec1ac-037b-ee11-8179-0022483cac0d,1e27b2a6-6082-ee11-8179-6045bd5d055b,0,1,731720005,86065779-fa7c-ee11-8179-0022483d07d3,86065779-fa7c-ee11-8179-0022483d07d3,2023-11-14T14:04:26Z,,0,86065779-fa7c-ee11-8179-0022483d07d3,7d95c1ac-037b-ee11-8179-0022483cac0d,5690046,2023-11-13T20:10:17Z,Transfert de connaissance,f975f2ba-6a7e-ee11-8179-0022483d07d3,731720001,,,,,,,,
"W/""5690044""",8b8ec1ac-037b-ee11-8179-0022483cac0d,35f5349a-6082-ee11-8179-6045bd5d055b,0,1,731720003,86065779-fa7c-ee11-8179-0022483d07d3,86065779-fa7c-ee11-8179-0022483d07d3,2023-11-14T14:04:23Z,,3000,86065779-fa7c-ee11-8179-0022483d07d3,7d95c1ac-037b-ee11-8179-0022483cac0d,5690044,2023-11-13T20:10:00Z,Commentaire retard d'entrée en poste,f975f2ba-6a7e-ee11-8179-0022483d07d3,731720001,,,,,,,,
"W/""5248941""",8b8ec1ac-037b-ee11-8179-0022483cac0d,dee34440-f47f-ee11-8179-0022483d0343,0,1,731720000,7d95c1ac-037b-ee11-8179-0022483cac0d,7d95c1ac-037b-ee11-8179-0022483cac0d,2023-11-10T18:09:15Z,f40b2d3d-f47f-ee11-8179-0022483d0cb3,,7d95c1ac-037b-ee11-8179-0022483cac0d,7d95c1ac-037b-ee11-8179-0022483cac0d,5248941,2023-11-10T18:09:15Z,,,731720001,,,,,,,,
"W/""5248917""",8b8ec1ac-037b-ee11-8179-0022483cac0d,b56d0c39-f47f-ee11-8179-0022483cb946,0,1,731720000,7d95c1ac-037b-ee11-8179-0022483cac0d,7d95c1ac-037b-ee11-8179-0022483cac0d,2023-11-10T18:09:06Z,556d0c39-f47f-ee11-8179-0022483cb946,,7d95c1ac-037b-ee11-8179-0022483cac0d,7d95c1ac-037b-ee11-8179-0022483cac0d,5248917,2023-11-10T18:09:06Z,,,731720001,,,,,,,,
"W/""5248798""",8b8ec1ac-037b-ee11-8179-0022483cac0d,fad0de68-ef7f-ee11-8179-0022483d07d3,0,1,731720004,7d95c1ac-037b-ee11-8179-0022483cac0d,7d95c1ac-037b-ee11-8179-0022483cac0d,2023-11-10T17:34:33Z,9acc5f64-ef7f-ee11-8179-0022483d0cb3,,7d95c1ac-037b-ee11-8179-0022483cac0d,7d95c1ac-037b-ee11-8179-0022483cac0d,5248798,2023-11-10T17:34:33Z,,,,,,,,,,,
"W/""5248796""",8b8ec1ac-037b-ee11-8179-0022483cac0d,aacc5f64-ef7f-ee11-8179-0022483d0cb3,0,1,731720003,7d95c1ac-037b-ee11-8179-0022483cac0d,7d95c1ac-037b-ee11-8179-0022483cac0d,2023-11-10T17:34:33Z,9acc5f64-ef7f-ee11-8179-0022483d0cb3,,7d95c1ac-037b-ee11-8179-0022483cac0d,7d95c1ac-037b-ee11-8179-0022483cac0d,5248796,2023-11-10T17:34:33Z,,,,,,,,,,,
"W/""5248762""",8b8ec1ac-037b-ee11-8179-0022483cac0d,f627e462-ef7f-ee11-8179-0022483d07d3,0,1,731720004,7d95c1ac-037b-ee11-8179-0022483cac0d,7d95c1ac-037b-ee11-8179-0022483cac0d,2023-11-10T17:34:30Z,80cc5f64-ef7f-ee11-8179-0022483d0cb3,,7d95c1ac-037b-ee11-8179-0022483cac0d,7d95c1ac-037b-ee11-8179-0022483cac0d,5248762,2023-11-10T17:34:30Z,,,,,,,,,,,
"W/""5248761""",8b8ec1ac-037b-ee11-8179-0022483cac0d,97cc5f64-ef7f-ee11-8179-0022483d0cb3,0,1,731720003,7d95c1ac-037b-ee11-8179-0022483cac0d,7d95c1ac-037b-ee11-8179-0022483cac0d,2023-11-10T17:34:30Z,80cc5f64-ef7f-ee11-8179-0022483d0cb3,,7d95c1ac-037b-ee11-8179-0022483cac0d,7d95c1ac-037b-ee11-8179-0022483cac0d,5248761,2023-11-10T17:34:30Z,,,,,,,,,,,
"W/""5248735""",8b8ec1ac-037b-ee11-8179-0022483cac0d,0be1eb5c-ef7f-ee11-8179-0022483d07d3,0,1,731720003,e3bc0b75-fa7c-ee11-8179-6045bd5d055b,e3bc0b75-fa7c-ee11-8179-6045bd5d055b,2023-11-10T17:34:21Z,,,e3bc0b75-fa7c-ee11-8179-6045bd5d055b,e3bc0b75-fa7c-ee11-8179-6045bd5d055b,5248735,2023-11-10T17:34:21Z,,08e1eb5c-ef7f-ee11-8179-0022483d07d3,,,,,,,,,
"W/""5248737""",8b8ec1ac-037b-ee11-8179-0022483cac0d,1de1eb5c-ef7f-ee11-8179-0022483d07d3,0,1,731720004,e3bc0b75-fa7c-ee11-8179-6045bd5d055b,e3bc0b75-fa7c-ee11-8179-6045bd5d055b,2023-11-10T17:34:21Z,,,e3bc0b75-fa7c-ee11-8179-6045bd5d055b,e3bc0b75-fa7c-ee11-8179-6045bd5d055b,5248737,2023-11-10T17:34:21Z,,08e1eb5c-ef7f-ee11-8179-0022483d07d3,,,,,,,,,
"W/""5248532""",8b8ec1ac-037b-ee11-8179-0022483cac0d,82de925a-eb7f-ee11-8179-0022483d07d3,0,1,731720000,7d95c1ac-037b-ee11-8179-0022483cac0d,7d95c1ac-037b-ee11-8179-0022483cac0d,2023-11-10T17:13:38Z,,,7d95c1ac-037b-ee11-8179-0022483cac0d,7d95c1ac-037b-ee11-8179-0022483cac0d,5248532,2023-11-10T17:05:39Z,,,731720001,,,7d95c1ac-037b-ee11-8179-0022483cac0d,,,,,
"W/""5248519""",8b8ec1ac-037b-ee11-8179-0022483cac0d,73de925a-eb7f-ee11-8179-0022483d07d3,0,1,731720000,7d95c1ac-037b-ee11-8179-0022483cac0d,7d95c1ac-037b-ee11-8179-0022483cac0d,2023-11-10T17:13:37Z,,,7d95c1ac-037b-ee11-8179-0022483cac0d,7d95c1ac-037b-ee11-8179-0022483cac0d,5248519,2023-11-10T17:05:36Z,,,731720001,,,7d95c1ac-037b-ee11-8179-0022483cac0d,,,,,
"W/""5247508""",8b8ec1ac-037b-ee11-8179-0022483cac0d,46314286-ea7f-ee11-8179-0022483e130e,0,1,731720000,7d95c1ac-037b-ee11-8179-0022483cac0d,7d95c1ac-037b-ee11-8179-0022483cac0d,2023-11-10T17:00:14Z,,,7d95c1ac-037b-ee11-8179-0022483cac0d,7d95c1ac-037b-ee11-8179-0022483cac0d,5247508,2023-11-10T16:59:40Z,,,731720001,,,7d95c1ac-037b-ee11-8179-0022483cac0d,,,,,
"W/""5247483""",8b8ec1ac-037b-ee11-8179-0022483cac0d,c25db982-ea7f-ee11-8179-000d3aff3da3,0,1,731720000,7d95c1ac-037b-ee11-8179-0022483cac0d,7d95c1ac-037b-ee11-8179-0022483cac0d,2023-11-10T17:00:12Z,,,7d95c1ac-037b-ee11-8179-0022483cac0d,7d95c1ac-037b-ee11-8179-0022483cac0d,5247483,2023-11-10T16:59:36Z,,,731720001,,,7d95c1ac-037b-ee11-8179-0022483cac0d,,,,,
"W/""5248703""",8b8ec1ac-037b-ee11-8179-0022483cac0d,9433fcfd-e97f-ee11-8179-6045bd5d055b,0,1,731720004,7d95c1ac-037b-ee11-8179-0022483cac0d,7d95c1ac-037b-ee11-8179-0022483cac0d,2023-11-10T17:33:41Z,,,7d95c1ac-037b-ee11-8179-0022483cac0d,e3bc0b75-fa7c-ee11-8179-6045bd5d055b,5248703,2023-11-10T16:55:55Z,,,,,,e3bc0b75-fa7c-ee11-8179-6045bd5d055b,,,,,
"W/""5248702""",8b8ec1ac-037b-ee11-8179-0022483cac0d,9233fcfd-e97f-ee11-8179-6045bd5d055b,0,1,731720003,7d95c1ac-037b-ee11-8179-0022483cac0d,7d95c1ac-037b-ee11-8179-0022483cac0d,2023-11-10T17:33:41Z,,,7d95c1ac-037b-ee11-8179-0022483cac0d,e3bc0b75-fa7c-ee11-8179-6045bd5d055b,5248702,2023-11-10T16:55:54Z,,,,,,e3bc0b75-fa7c-ee11-8179-6045bd5d055b,,,,,
"W/""5248692""",8b8ec1ac-037b-ee11-8179-0022483cac0d,cc9c5a00-ea7f-ee11-8179-0022483d07d3,0,1,731720004,7d95c1ac-037b-ee11-8179-0022483cac0d,7d95c1ac-037b-ee11-8179-0022483cac0d,2023-11-10T17:33:40Z,,,7d95c1ac-037b-ee11-8179-0022483cac0d,e3bc0b75-fa7c-ee11-8179-6045bd5d055b,5248692,2023-11-10T16:55:51Z,,,,,,e3bc0b75-fa7c-ee11-8179-6045bd5d055b,,,,,
"W/""5248693""",8b8ec1ac-037b-ee11-8179-0022483cac0d,7d33fcfd-e97f-ee11-8179-6045bd5d055b,0,1,731720003,7d95c1ac-037b-ee11-8179-0022483cac0d,7d95c1ac-037b-ee11-8179-0022483cac0d,2023-11-10T17:33:40Z,,,7d95c1ac-037b-ee11-8179-0022483cac0d,e3bc0b75-fa7c-ee11-8179-6045bd5d055b,5248693,2023-11-10T16:55:51Z,,,,,,e3bc0b75-fa7c-ee11-8179-6045bd5d055b,,,,,
"W/""5246173""",8b8ec1ac-037b-ee11-8179-0022483cac0d,03f90742-e87f-ee11-8179-0022483cb946,0,1,731720004,e3bc0b75-fa7c-ee11-8179-6045bd5d055b,e3bc0b75-fa7c-ee11-8179-6045bd5d055b,2023-11-10T16:47:01Z,,,e3bc0b75-fa7c-ee11-8179-6045bd5d055b,e3bc0b75-fa7c-ee11-8179-6045bd5d055b,5246173,2023-11-10T16:43:30Z,,,,,,e3bc0b75-fa7c-ee11-8179-6045bd5d055b,,,,,
"W/""5246172""",8b8ec1ac-037b-ee11-8179-0022483cac0d,93def73b-e87f-ee11-8179-0022483cb946,0,1,731720003,e3bc0b75-fa7c-ee11-8179-6045bd5d055b,e3bc0b75-fa7c-ee11-8179-6045bd5d055b,2023-11-10T16:47:01Z,,,e3bc0b75-fa7c-ee11-8179-6045bd5d055b,e3bc0b75-fa7c-ee11-8179-6045bd5d055b,5246172,2023-11-10T16:43:22Z,,,,,,e3bc0b75-fa7c-ee11-8179-6045bd5d055b,,,,,
"W/""5247500""",8b8ec1ac-037b-ee11-8179-0022483cac0d,a403715b-e67f-ee11-8179-0022483e130e,0,1,731720000,7d95c1ac-037b-ee11-8179-0022483cac0d,7d95c1ac-037b-ee11-8179-0022483cac0d,2023-11-10T17:00:13Z,,,7d95c1ac-037b-ee11-8179-0022483cac0d,7d95c1ac-037b-ee11-8179-0022483cac0d,5247500,2023-11-10T16:29:53Z,,,731720001,,,7d95c1ac-037b-ee11-8179-0022483cac0d,,,,,
"W/""5247492""",8b8ec1ac-037b-ee11-8179-0022483cac0d,4a548f5a-e67f-ee11-8179-6045bd5d055b,0,1,731720000,7d95c1ac-037b-ee11-8179-0022483cac0d,7d95c1ac-037b-ee11-8179-0022483cac0d,2023-11-10T17:00:13Z,,,7d95c1ac-037b-ee11-8179-0022483cac0d,7d95c1ac-037b-ee11-8179-0022483cac0d,5247492,2023-11-10T16:29:49Z,,,731720001,,,7d95c1ac-037b-ee11-8179-0022483cac0d,,,,,
"W/""5243803""",8b8ec1ac-037b-ee11-8179-0022483cac0d,4e5f4610-e27f-ee11-8179-0022483cb946,0,1,731720000,7d95c1ac-037b-ee11-8179-0022483cac0d,7d95c1ac-037b-ee11-8179-0022483cac0d,2023-11-10T16:13:28Z,,,7d95c1ac-037b-ee11-8179-0022483cac0d,94065779-fa7c-ee11-8179-0022483d07d3,5243803,2023-11-10T15:59:09Z,,,731720001,,,94065779-fa7c-ee11-8179-0022483d07d3,,,,,
"W/""5243795""",8b8ec1ac-037b-ee11-8179-0022483cac0d,a2568312-e27f-ee11-8179-0022483d07d3,0,1,731720000,7d95c1ac-037b-ee11-8179-0022483cac0d,7d95c1ac-037b-ee11-8179-0022483cac0d,2023-11-10T16:13:28Z,,,7d95c1ac-037b-ee11-8179-0022483cac0d,94065779-fa7c-ee11-8179-0022483d07d3,5243795,2023-11-10T15:59:05Z,,,731720001,,,94065779-fa7c-ee11-8179-0022483d07d3,,,,,
"W/""5242566""",8b8ec1ac-037b-ee11-8179-0022483cac0d,5516561d-df7f-ee11-8179-0022483d0cb3,0,1,731720004,7d95c1ac-037b-ee11-8179-0022483cac0d,7d95c1ac-037b-ee11-8179-0022483cac0d,2023-11-10T15:37:58Z,129deb19-df7f-ee11-8179-6045bd5d055b,,7d95c1ac-037b-ee11-8179-0022483cac0d,7d95c1ac-037b-ee11-8179-0022483cac0d,5242566,2023-11-10T15:37:58Z,,,,,,,,,,,
"W/""5243604""",8b8ec1ac-037b-ee11-8179-0022483cac0d,3406746a-dd7f-ee11-8179-6045bd5d10b5,0,1,731720000,7d95c1ac-037b-ee11-8179-0022483cac0d,7d95c1ac-037b-ee11-8179-0022483cac0d,2023-11-10T15:57:29Z,,,7d95c1ac-037b-ee11-8179-0022483cac0d,94065779-fa7c-ee11-8179-0022483d07d3,5243604,2023-11-10T15:25:47Z,,,731720001,,,94065779-fa7c-ee11-8179-0022483d07d3,,,,,
"W/""5243595""",8b8ec1ac-037b-ee11-8179-0022483cac0d,b08b2a62-dd7f-ee11-8179-0022483cb689,0,1,731720000,7d95c1ac-037b-ee11-8179-0022483cac0d,7d95c1ac-037b-ee11-8179-0022483cac0d,2023-11-10T15:57:28Z,,,7d95c1ac-037b-ee11-8179-0022483cac0d,94065779-fa7c-ee11-8179-0022483d07d3,5243595,2023-11-10T15:25:40Z,,,731720001,,,94065779-fa7c-ee11-8179-0022483d07d3,,,,,
"W/""5242174""",8b8ec1ac-037b-ee11-8179-0022483cac0d,4f22ae04-dd7f-ee11-8179-0022483d07d3,0,1,731720000,94065779-fa7c-ee11-8179-0022483d07d3,94065779-fa7c-ee11-8179-0022483d07d3,2023-11-10T15:23:01Z,,,94065779-fa7c-ee11-8179-0022483d07d3,94065779-fa7c-ee11-8179-0022483d07d3,5242174,2023-11-10T15:23:01Z,,1d66dcef-db7f-ee11-8179-0022483d07d3,731720001,,,,,,,,
"W/""5178332""",8b8ec1ac-037b-ee11-8179-0022483cac0d,c681b334-177f-ee11-8179-0022483d07d3,0,1,731720003,7d95c1ac-037b-ee11-8179-0022483cac0d,7d95c1ac-037b-ee11-8179-0022483cac0d,2023-11-10T13:54:18Z,,,7d95c1ac-037b-ee11-8179-0022483cac0d,7d95c1ac-037b-ee11-8179-0022483cac0d,5178332,2023-11-09T15:46:57Z,,,,,,7d95c1ac-037b-ee11-8179-0022483cac0d,,,,,
"W/""5178335""",8b8ec1ac-037b-ee11-8179-0022483cac0d,ad016134-177f-ee11-8179-6045bd5d055b,0,1,731720004,7d95c1ac-037b-ee11-8179-0022483cac0d,7d95c1ac-037b-ee11-8179-0022483cac0d,2023-11-10T13:54:18Z,,,7d95c1ac-037b-ee11-8179-0022483cac0d,7d95c1ac-037b-ee11-8179-0022483cac0d,5178335,2023-11-09T15:46:57Z,,,,,,7d95c1ac-037b-ee11-8179-0022483cac0d,,,,,
"W/""5178334""",8b8ec1ac-037b-ee11-8179-0022483cac0d,7bbd682e-177f-ee11-8179-6045bd5d055b,0,1,731720004,7d95c1ac-037b-ee11-8179-0022483cac0d,7d95c1ac-037b-ee11-8179-0022483cac0d,2023-11-10T13:54:18Z,,,7d95c1ac-037b-ee11-8179-0022483cac0d,7d95c1ac-037b-ee11-8179-0022483cac0d,5178334,2023-11-09T15:46:53Z,,,,,,7d95c1ac-037b-ee11-8179-0022483cac0d,,,,,
"W/""5178333""",8b8ec1ac-037b-ee11-8179-0022483cac0d,6ebd682e-177f-ee11-8179-6045bd5d055b,0,1,731720003,7d95c1ac-037b-ee11-8179-0022483cac0d,7d95c1ac-037b-ee11-8179-0022483cac0d,2023-11-10T13:54:18Z,,,7d95c1ac-037b-ee11-8179-0022483cac0d,7d95c1ac-037b-ee11-8179-0022483cac0d,5178333,2023-11-09T15:46:52Z,,,,,,7d95c1ac-037b-ee11-8179-0022483cac0d,,,,,
"W/""5136968""",8b8ec1ac-037b-ee11-8179-0022483cac0d,72b0b05a-6e7e-ee11-8179-6045bd5d055b,0,1,731720003,7d95c1ac-037b-ee11-8179-0022483cac0d,7d95c1ac-037b-ee11-8179-0022483cac0d,2023-11-09T15:41:56Z,,,7d95c1ac-037b-ee11-8179-0022483cac0d,e3bc0b75-fa7c-ee11-8179-6045bd5d055b,5136968,2023-11-08T19:38:21Z,,,,,,e3bc0b75-fa7c-ee11-8179-6045bd5d055b,,,,,
"W/""5136969""",8b8ec1ac-037b-ee11-8179-0022483cac0d,73b0b05a-6e7e-ee11-8179-6045bd5d055b,0,1,731720004,7d95c1ac-037b-ee11-8179-0022483cac0d,7d95c1ac-037b-ee11-8179-0022483cac0d,2023-11-09T15:41:56Z,,,7d95c1ac-037b-ee11-8179-0022483cac0d,e3bc0b75-fa7c-ee11-8179-6045bd5d055b,5136969,2023-11-08T19:38:21Z,,,,,,e3bc0b75-fa7c-ee11-8179-6045bd5d055b,,,,,
"W/""5136930""",8b8ec1ac-037b-ee11-8179-0022483cac0d,44b0b05a-6e7e-ee11-8179-6045bd5d055b,0,1,731720004,7d95c1ac-037b-ee11-8179-0022483cac0d,7d95c1ac-037b-ee11-8179-0022483cac0d,2023-11-09T15:41:54Z,,,7d95c1ac-037b-ee11-8179-0022483cac0d,e3bc0b75-fa7c-ee11-8179-6045bd5d055b,5136930,2023-11-08T19:38:17Z,,,,,,e3bc0b75-fa7c-ee11-8179-6045bd5d055b,,,,,
"W/""5136929""",8b8ec1ac-037b-ee11-8179-0022483cac0d,d50e9258-6e7e-ee11-8179-0022483d0cb3,0,1,731720003,7d95c1ac-037b-ee11-8179-0022483cac0d,7d95c1ac-037b-ee11-8179-0022483cac0d,2023-11-09T15:41:54Z,,,7d95c1ac-037b-ee11-8179-0022483cac0d,e3bc0b75-fa7c-ee11-8179-6045bd5d055b,5136929,2023-11-08T19:38:16Z,,,,,,e3bc0b75-fa7c-ee11-8179-6045bd5d055b,,,,,
"W/""5178478""",8b8ec1ac-037b-ee11-8179-0022483cac0d,2e20653c-6b7e-ee11-8179-6045bd5d055b,0,1,731720004,7d95c1ac-037b-ee11-8179-0022483cac0d,7d95c1ac-037b-ee11-8179-0022483cac0d,2023-11-10T13:54:22Z,,,7d95c1ac-037b-ee11-8179-0022483cac0d,7d95c1ac-037b-ee11-8179-0022483cac0d,5178478,2023-11-08T19:15:56Z,,,,,,7d95c1ac-037b-ee11-8179-0022483cac0d,,,,,
"W/""5133576""",8b8ec1ac-037b-ee11-8179-0022483cac0d,287e4330-6b7e-ee11-8179-0022483d07d3,0,1,731720004,7d95c1ac-037b-ee11-8179-0022483cac0d,7d95c1ac-037b-ee11-8179-0022483cac0d,2023-11-08T19:41:10Z,,,7d95c1ac-037b-ee11-8179-0022483cac0d,e3bc0b75-fa7c-ee11-8179-6045bd5d055b,5133576,2023-11-08T19:15:38Z,,,,,,e3bc0b75-fa7c-ee11-8179-6045bd5d055b,,,,,
"W/""5133575""",8b8ec1ac-037b-ee11-8179-0022483cac0d,277e4330-6b7e-ee11-8179-0022483d07d3,0,1,731720003,7d95c1ac-037b-ee11-8179-0022483cac0d,7d95c1ac-037b-ee11-8179-0022483cac0d,2023-11-08T19:41:10Z,,,7d95c1ac-037b-ee11-8179-0022483cac0d,e3bc0b75-fa7c-ee11-8179-6045bd5d055b,5133575,2023-11-08T19:15:37Z,,,,,,e3bc0b75-fa7c-ee11-8179-6045bd5d055b,,,,,
"W/""5133595""",8b8ec1ac-037b-ee11-8179-0022483cac0d,e07d4330-6b7e-ee11-8179-0022483d07d3,0,1,731720004,7d95c1ac-037b-ee11-8179-0022483cac0d,7d95c1ac-037b-ee11-8179-0022483cac0d,2023-11-08T19:41:12Z,,,7d95c1ac-037b-ee11-8179-0022483cac0d,e3bc0b75-fa7c-ee11-8179-6045bd5d055b,5133595,2023-11-08T19:15:34Z,,,,,,e3bc0b75-fa7c-ee11-8179-6045bd5d055b,,,,,
"W/""5133596""",8b8ec1ac-037b-ee11-8179-0022483cac0d,ba62bf2f-6b7e-ee11-8179-0022483d0cb3,0,1,731720003,7d95c1ac-037b-ee11-8179-0022483cac0d,7d95c1ac-037b-ee11-8179-0022483cac0d,2023-11-08T19:41:12Z,,,7d95c1ac-037b-ee11-8179-0022483cac0d,e3bc0b75-fa7c-ee11-8179-6045bd5d055b,5133596,2023-11-08T19:15:34Z,,,,,,e3bc0b75-fa7c-ee11-8179-6045bd5d055b,,,,,
"W/""5690039""",8b8ec1ac-037b-ee11-8179-0022483cac0d,13374b2a-6b7e-ee11-8179-0022483d07d3,0,1,731720004,86065779-fa7c-ee11-8179-0022483d07d3,86065779-fa7c-ee11-8179-0022483d07d3,2023-11-14T14:04:18Z,,0,86065779-fa7c-ee11-8179-0022483d07d3,7d95c1ac-037b-ee11-8179-0022483cac0d,5690039,2023-11-08T19:15:27Z,,3e2e1024-6b7e-ee11-8179-0022483d07d3,,,,,,,,,
"W/""5132545""",8b8ec1ac-037b-ee11-8179-0022483cac0d,bb682f0d-667e-ee11-8179-0022483d07d3,0,1,731720004,7d95c1ac-037b-ee11-8179-0022483cac0d,7d95c1ac-037b-ee11-8179-0022483cac0d,2023-11-08T18:39:33Z,,,7d95c1ac-037b-ee11-8179-0022483cac0d,e3bc0b75-fa7c-ee11-8179-6045bd5d055b,5132545,2023-11-08T18:38:47Z,,,,,,e3bc0b75-fa7c-ee11-8179-6045bd5d055b,,,,,
"W/""5132546""",8b8ec1ac-037b-ee11-8179-0022483cac0d,b77a1b0a-667e-ee11-8179-6045bd5d055b,0,1,731720003,7d95c1ac-037b-ee11-8179-0022483cac0d,7d95c1ac-037b-ee11-8179-0022483cac0d,2023-11-08T18:39:33Z,,,7d95c1ac-037b-ee11-8179-0022483cac0d,e3bc0b75-fa7c-ee11-8179-6045bd5d055b,5132546,2023-11-08T18:38:47Z,,,,,,e3bc0b75-fa7c-ee11-8179-6045bd5d055b,,,,,
"W/""5132573""",8b8ec1ac-037b-ee11-8179-0022483cac0d,b4f98904-667e-ee11-8179-0022483d0cb3,0,1,731720004,7d95c1ac-037b-ee11-8179-0022483cac0d,7d95c1ac-037b-ee11-8179-0022483cac0d,2023-11-08T18:39:34Z,,,7d95c1ac-037b-ee11-8179-0022483cac0d,e3bc0b75-fa7c-ee11-8179-6045bd5d055b,5132573,2023-11-08T18:38:43Z,,,,,,e3bc0b75-fa7c-ee11-8179-6045bd5d055b,,,,,
"W/""5132572""",8b8ec1ac-037b-ee11-8179-0022483cac0d,a0f98904-667e-ee11-8179-0022483d0cb3,0,1,731720003,7d95c1ac-037b-ee11-8179-0022483cac0d,7d95c1ac-037b-ee11-8179-0022483cac0d,2023-11-08T18:39:34Z,,,7d95c1ac-037b-ee11-8179-0022483cac0d,e3bc0b75-fa7c-ee11-8179-6045bd5d055b,5132572,2023-11-08T18:38:42Z,,,,,,e3bc0b75-fa7c-ee11-8179-6045bd5d055b,,,,,
"W/""5690043""",8b8ec1ac-037b-ee11-8179-0022483cac0d,c7503c22-657e-ee11-8179-6045bd5d055b,0,1,731720004,86065779-fa7c-ee11-8179-0022483d07d3,86065779-fa7c-ee11-8179-0022483d07d3,2023-11-14T14:04:21Z,,5000,86065779-fa7c-ee11-8179-0022483d07d3,7d95c1ac-037b-ee11-8179-0022483cac0d,5690043,2023-11-08T18:32:20Z,,,,,,,,,,,
"W/""5132037""",8b8ec1ac-037b-ee11-8179-0022483cac0d,9965f4e2-557e-ee11-8179-0022483d0cb3,0,1,731720003,7d95c1ac-037b-ee11-8179-0022483cac0d,7d95c1ac-037b-ee11-8179-0022483cac0d,2023-11-08T18:36:20Z,,,7d95c1ac-037b-ee11-8179-0022483cac0d,e3bc0b75-fa7c-ee11-8179-6045bd5d055b,5132037,2023-11-08T16:43:10Z,,,,,,e3bc0b75-fa7c-ee11-8179-6045bd5d055b,,,,,
"W/""5132038""",8b8ec1ac-037b-ee11-8179-0022483cac0d,92b164e3-557e-ee11-8179-6045bd5d055b,0,1,731720004,7d95c1ac-037b-ee11-8179-0022483cac0d,7d95c1ac-037b-ee11-8179-0022483cac0d,2023-11-08T18:36:20Z,,,7d95c1ac-037b-ee11-8179-0022483cac0d,e3bc0b75-fa7c-ee11-8179-6045bd5d055b,5132038,2023-11-08T16:43:10Z,,,,,,e3bc0b75-fa7c-ee11-8179-6045bd5d055b,,,,,
"W/""5132063""",8b8ec1ac-037b-ee11-8179-0022483cac0d,5bb164e3-557e-ee11-8179-6045bd5d055b,0,1,731720004,7d95c1ac-037b-ee11-8179-0022483cac0d,7d95c1ac-037b-ee11-8179-0022483cac0d,2023-11-08T18:36:22Z,,,7d95c1ac-037b-ee11-8179-0022483cac0d,e3bc0b75-fa7c-ee11-8179-6045bd5d055b,5132063,2023-11-08T16:43:06Z,,,,,,e3bc0b75-fa7c-ee11-8179-6045bd5d055b,,,,,
"W/""5132062""",8b8ec1ac-037b-ee11-8179-0022483cac0d,e00097df-557e-ee11-8179-0022483d07d3,0,1,731720003,7d95c1ac-037b-ee11-8179-0022483cac0d,7d95c1ac-037b-ee11-8179-0022483cac0d,2023-11-08T18:36:22Z,,,7d95c1ac-037b-ee11-8179-0022483cac0d,e3bc0b75-fa7c-ee11-8179-6045bd5d055b,5132062,2023-11-08T16:43:05Z,,,,,,e3bc0b75-fa7c-ee11-8179-6045bd5d055b,,,,,
"W/""5243743""",8b8ec1ac-037b-ee11-8179-0022483cac0d,dd290e01-a47d-ee11-8179-0022483d0cb3,0,1,731720003,7d95c1ac-037b-ee11-8179-0022483cac0d,7d95c1ac-037b-ee11-8179-0022483cac0d,2023-11-10T16:01:41Z,,,7d95c1ac-037b-ee11-8179-0022483cac0d,94065779-fa7c-ee11-8179-0022483d07d3,5243743,2023-11-07T19:29:51Z,,,731720001,,,94065779-fa7c-ee11-8179-0022483d07d3,,,,,
"W/""5243742""",8b8ec1ac-037b-ee11-8179-0022483cac0d,ff7d7104-a47d-ee11-8179-0022483d07d3,0,1,731720000,7d95c1ac-037b-ee11-8179-0022483cac0d,7d95c1ac-037b-ee11-8179-0022483cac0d,2023-11-10T16:01:41Z,,,7d95c1ac-037b-ee11-8179-0022483cac0d,94065779-fa7c-ee11-8179-0022483d07d3,5243742,2023-11-07T19:29:50Z,,,731720001,,,94065779-fa7c-ee11-8179-0022483d07d3,,,,,
"W/""5243733""",8b8ec1ac-037b-ee11-8179-0022483cac0d,4b4d4efe-a37d-ee11-8179-0022483d07d3,0,1,731720000,7d95c1ac-037b-ee11-8179-0022483cac0d,7d95c1ac-037b-ee11-8179-0022483cac0d,2023-11-10T16:01:40Z,,,7d95c1ac-037b-ee11-8179-0022483cac0d,94065779-fa7c-ee11-8179-0022483d07d3,5243733,2023-11-07T19:29:43Z,,,731720001,,,94065779-fa7c-ee11-8179-0022483d07d3,,,,,
"W/""5243734""",8b8ec1ac-037b-ee11-8179-0022483cac0d,ac1d11fb-a37d-ee11-8179-0022483d0cb3,0,1,731720003,7d95c1ac-037b-ee11-8179-0022483cac0d,7d95c1ac-037b-ee11-8179-0022483cac0d,2023-11-10T16:01:40Z,,,7d95c1ac-037b-ee11-8179-0022483cac0d,94065779-fa7c-ee11-8179-0022483d07d3,5243734,2023-11-07T19:29:43Z,,,731720001,,,94065779-fa7c-ee11-8179-0022483d07d3,,,,,
"W/""5116724""",8b8ec1ac-037b-ee11-8179-0022483cac0d,b138c8d6-a37d-ee11-8179-0022483d0cb3,0,1,731720003,94065779-fa7c-ee11-8179-0022483d07d3,94065779-fa7c-ee11-8179-0022483d07d3,2023-11-07T19:28:41Z,,,94065779-fa7c-ee11-8179-0022483d07d3,94065779-fa7c-ee11-8179-0022483d07d3,5116724,2023-11-07T19:28:41Z,,fe747a36-a37d-ee11-8179-0022483d0cb3,731720001,,,,,,,,
"W/""5116706""",8b8ec1ac-037b-ee11-8179-0022483cac0d,a6965986-a37d-ee11-8179-0022483d0cb3,0,1,731720000,94065779-fa7c-ee11-8179-0022483d07d3,94065779-fa7c-ee11-8179-0022483d07d3,2023-11-07T19:26:26Z,,,94065779-fa7c-ee11-8179-0022483d07d3,94065779-fa7c-ee11-8179-0022483d07d3,5116706,2023-11-07T19:26:25Z,,fe747a36-a37d-ee11-8179-0022483d0cb3,731720001,,,,,,,,
"W/""5100233""",8b8ec1ac-037b-ee11-8179-0022483cac0d,c5a55fff-727d-ee11-8179-6045bd5d055b,0,1,731720004,7d95c1ac-037b-ee11-8179-0022483cac0d,7d95c1ac-037b-ee11-8179-0022483cac0d,2023-11-07T15:18:11Z,,,7d95c1ac-037b-ee11-8179-0022483cac0d,7d95c1ac-037b-ee11-8179-0022483cac0d,5100233,2023-11-07T13:39:00Z,,,731720000,,,7d95c1ac-037b-ee11-8179-0022483cac0d,,,,,
